Label,count,mean,std,min,25%,50%,75%,max
Low,1.0,0.3823221623897552,,0.3823221623897552,0.3823221623897552,0.3823221623897552,0.3823221623897552,0.3823221623897552
Middle,4.0,0.3673845622688532,0.0304738687300475,0.3221060037612915,0.3629615176469087,0.3808191232383251,0.38524216786026955,0.385793998837471
High,195.0,0.3747269523067352,0.010807780213853521,0.34147959202528,0.36858411878347397,0.37676452845335,0.38286991789937014,0.3899599835276603
